{
    "epochs": [
        1,
        2,
        3,
        4,
        5
    ],
    "train_loss": [
        1.320515751838684,
        1.1986842155456543,
        0.9491611123085022,
        0.9622607827186584,
        1.0058917999267578
    ],
    "train_accuracy": [
        0.0,
        0.0,
        1.0,
        1.0,
        1.0
    ],
    "validation_loss": [
        1.320515751838684,
        1.1986842155456543,
        0.9491611123085022,
        0.9622607827186584,
        1.0058917999267578
    ],
    "accuracy": [
        0.0,
        0.0,
        1.0,
        1.0,
        1.0
    ],
    "f1_score": [
        0.0,
        0.0,
        1.0,
        1.0,
        1.0
    ],
    "auc": [
        0.77,
        0.79,
        0.81,
        0.83,
        0.85
    ]
}